group,slope,se,p
all,0.000738,0.000392,0.0599
5G,0.001393,0.00057,0.0146
AB,0.000208,0.000541,0.7012
